[
{
  "model": "admin.logentry",
  "pk": 1,
  "fields": {
    "action_time": "2025-06-19T15:38:49.538Z",
    "user": 1,
    "content_type": 4,
    "object_id": "2",
    "object_repr": "ANOLD",
    "action_flag": 2,
    "change_message": "[{\"changed\": {\"fields\": [\"Staff status\", \"Superuser status\"]}}]"
  }
},
{
  "model": "admin.logentry",
  "pk": 2,
  "fields": {
    "action_time": "2025-06-19T20:30:39.251Z",
    "user": 1,
    "content_type": 9,
    "object_id": "2",
    "object_repr": "Toyota",
    "action_flag": 3,
    "change_message": ""
  }
},
{
  "model": "admin.logentry",
  "pk": 3,
  "fields": {
    "action_time": "2025-06-19T20:30:39.251Z",
    "user": 1,
    "content_type": 9,
    "object_id": "1",
    "object_repr": "TOYOTA",
    "action_flag": 3,
    "change_message": ""
  }
},
{
  "model": "admin.logentry",
  "pk": 4,
  "fields": {
    "action_time": "2025-06-22T22:03:56.221Z",
    "user": 1,
    "content_type": 7,
    "object_id": "10",
    "object_repr": "Image for Jeep",
    "action_flag": 1,
    "change_message": "[{\"added\": {}}]"
  }
},
{
  "model": "auth.permission",
  "pk": 1,
  "fields": {
    "name": "Can add log entry",
    "content_type": 1,
    "codename": "add_logentry"
  }
},
{
  "model": "auth.permission",
  "pk": 2,
  "fields": {
    "name": "Can change log entry",
    "content_type": 1,
    "codename": "change_logentry"
  }
},
{
  "model": "auth.permission",
  "pk": 3,
  "fields": {
    "name": "Can delete log entry",
    "content_type": 1,
    "codename": "delete_logentry"
  }
},
{
  "model": "auth.permission",
  "pk": 4,
  "fields": {
    "name": "Can view log entry",
    "content_type": 1,
    "codename": "view_logentry"
  }
},
{
  "model": "auth.permission",
  "pk": 5,
  "fields": {
    "name": "Can add permission",
    "content_type": 2,
    "codename": "add_permission"
  }
},
{
  "model": "auth.permission",
  "pk": 6,
  "fields": {
    "name": "Can change permission",
    "content_type": 2,
    "codename": "change_permission"
  }
},
{
  "model": "auth.permission",
  "pk": 7,
  "fields": {
    "name": "Can delete permission",
    "content_type": 2,
    "codename": "delete_permission"
  }
},
{
  "model": "auth.permission",
  "pk": 8,
  "fields": {
    "name": "Can view permission",
    "content_type": 2,
    "codename": "view_permission"
  }
},
{
  "model": "auth.permission",
  "pk": 9,
  "fields": {
    "name": "Can add group",
    "content_type": 3,
    "codename": "add_group"
  }
},
{
  "model": "auth.permission",
  "pk": 10,
  "fields": {
    "name": "Can change group",
    "content_type": 3,
    "codename": "change_group"
  }
},
{
  "model": "auth.permission",
  "pk": 11,
  "fields": {
    "name": "Can delete group",
    "content_type": 3,
    "codename": "delete_group"
  }
},
{
  "model": "auth.permission",
  "pk": 12,
  "fields": {
    "name": "Can view group",
    "content_type": 3,
    "codename": "view_group"
  }
},
{
  "model": "auth.permission",
  "pk": 13,
  "fields": {
    "name": "Can add user",
    "content_type": 4,
    "codename": "add_user"
  }
},
{
  "model": "auth.permission",
  "pk": 14,
  "fields": {
    "name": "Can change user",
    "content_type": 4,
    "codename": "change_user"
  }
},
{
  "model": "auth.permission",
  "pk": 15,
  "fields": {
    "name": "Can delete user",
    "content_type": 4,
    "codename": "delete_user"
  }
},
{
  "model": "auth.permission",
  "pk": 16,
  "fields": {
    "name": "Can view user",
    "content_type": 4,
    "codename": "view_user"
  }
},
{
  "model": "auth.permission",
  "pk": 17,
  "fields": {
    "name": "Can add content type",
    "content_type": 5,
    "codename": "add_contenttype"
  }
},
{
  "model": "auth.permission",
  "pk": 18,
  "fields": {
    "name": "Can change content type",
    "content_type": 5,
    "codename": "change_contenttype"
  }
},
{
  "model": "auth.permission",
  "pk": 19,
  "fields": {
    "name": "Can delete content type",
    "content_type": 5,
    "codename": "delete_contenttype"
  }
},
{
  "model": "auth.permission",
  "pk": 20,
  "fields": {
    "name": "Can view content type",
    "content_type": 5,
    "codename": "view_contenttype"
  }
},
{
  "model": "auth.permission",
  "pk": 21,
  "fields": {
    "name": "Can add session",
    "content_type": 6,
    "codename": "add_session"
  }
},
{
  "model": "auth.permission",
  "pk": 22,
  "fields": {
    "name": "Can change session",
    "content_type": 6,
    "codename": "change_session"
  }
},
{
  "model": "auth.permission",
  "pk": 23,
  "fields": {
    "name": "Can delete session",
    "content_type": 6,
    "codename": "delete_session"
  }
},
{
  "model": "auth.permission",
  "pk": 24,
  "fields": {
    "name": "Can view session",
    "content_type": 6,
    "codename": "view_session"
  }
},
{
  "model": "auth.permission",
  "pk": 25,
  "fields": {
    "name": "Can add vehicle image",
    "content_type": 7,
    "codename": "add_vehicleimage"
  }
},
{
  "model": "auth.permission",
  "pk": 26,
  "fields": {
    "name": "Can change vehicle image",
    "content_type": 7,
    "codename": "change_vehicleimage"
  }
},
{
  "model": "auth.permission",
  "pk": 27,
  "fields": {
    "name": "Can delete vehicle image",
    "content_type": 7,
    "codename": "delete_vehicleimage"
  }
},
{
  "model": "auth.permission",
  "pk": 28,
  "fields": {
    "name": "Can view vehicle image",
    "content_type": 7,
    "codename": "view_vehicleimage"
  }
},
{
  "model": "auth.permission",
  "pk": 29,
  "fields": {
    "name": "Can add profile",
    "content_type": 8,
    "codename": "add_profile"
  }
},
{
  "model": "auth.permission",
  "pk": 30,
  "fields": {
    "name": "Can change profile",
    "content_type": 8,
    "codename": "change_profile"
  }
},
{
  "model": "auth.permission",
  "pk": 31,
  "fields": {
    "name": "Can delete profile",
    "content_type": 8,
    "codename": "delete_profile"
  }
},
{
  "model": "auth.permission",
  "pk": 32,
  "fields": {
    "name": "Can view profile",
    "content_type": 8,
    "codename": "view_profile"
  }
},
{
  "model": "auth.permission",
  "pk": 33,
  "fields": {
    "name": "Can add vehicle",
    "content_type": 9,
    "codename": "add_vehicle"
  }
},
{
  "model": "auth.permission",
  "pk": 34,
  "fields": {
    "name": "Can change vehicle",
    "content_type": 9,
    "codename": "change_vehicle"
  }
},
{
  "model": "auth.permission",
  "pk": 35,
  "fields": {
    "name": "Can delete vehicle",
    "content_type": 9,
    "codename": "delete_vehicle"
  }
},
{
  "model": "auth.permission",
  "pk": 36,
  "fields": {
    "name": "Can view vehicle",
    "content_type": 9,
    "codename": "view_vehicle"
  }
},
{
  "model": "auth.permission",
  "pk": 37,
  "fields": {
    "name": "Can add bid",
    "content_type": 10,
    "codename": "add_bid"
  }
},
{
  "model": "auth.permission",
  "pk": 38,
  "fields": {
    "name": "Can change bid",
    "content_type": 10,
    "codename": "change_bid"
  }
},
{
  "model": "auth.permission",
  "pk": 39,
  "fields": {
    "name": "Can delete bid",
    "content_type": 10,
    "codename": "delete_bid"
  }
},
{
  "model": "auth.permission",
  "pk": 40,
  "fields": {
    "name": "Can view bid",
    "content_type": 10,
    "codename": "view_bid"
  }
},
{
  "model": "auth.permission",
  "pk": 41,
  "fields": {
    "name": "Can add notification",
    "content_type": 11,
    "codename": "add_notification"
  }
},
{
  "model": "auth.permission",
  "pk": 42,
  "fields": {
    "name": "Can change notification",
    "content_type": 11,
    "codename": "change_notification"
  }
},
{
  "model": "auth.permission",
  "pk": 43,
  "fields": {
    "name": "Can delete notification",
    "content_type": 11,
    "codename": "delete_notification"
  }
},
{
  "model": "auth.permission",
  "pk": 44,
  "fields": {
    "name": "Can view notification",
    "content_type": 11,
    "codename": "view_notification"
  }
},
{
  "model": "auth.permission",
  "pk": 45,
  "fields": {
    "name": "Can add vehicle search",
    "content_type": 12,
    "codename": "add_vehiclesearch"
  }
},
{
  "model": "auth.permission",
  "pk": 46,
  "fields": {
    "name": "Can change vehicle search",
    "content_type": 12,
    "codename": "change_vehiclesearch"
  }
},
{
  "model": "auth.permission",
  "pk": 47,
  "fields": {
    "name": "Can delete vehicle search",
    "content_type": 12,
    "codename": "delete_vehiclesearch"
  }
},
{
  "model": "auth.permission",
  "pk": 48,
  "fields": {
    "name": "Can view vehicle search",
    "content_type": 12,
    "codename": "view_vehiclesearch"
  }
},
{
  "model": "auth.permission",
  "pk": 49,
  "fields": {
    "name": "Can add quote request",
    "content_type": 13,
    "codename": "add_quoterequest"
  }
},
{
  "model": "auth.permission",
  "pk": 50,
  "fields": {
    "name": "Can change quote request",
    "content_type": 13,
    "codename": "change_quoterequest"
  }
},
{
  "model": "auth.permission",
  "pk": 51,
  "fields": {
    "name": "Can delete quote request",
    "content_type": 13,
    "codename": "delete_quoterequest"
  }
},
{
  "model": "auth.permission",
  "pk": 52,
  "fields": {
    "name": "Can view quote request",
    "content_type": 13,
    "codename": "view_quoterequest"
  }
},
{
  "model": "auth.user",
  "pk": 1,
  "fields": {
    "password": "pbkdf2_sha256$870000$PCLReTRBrwwDtV789Pmy1v$hO9/6pP7dHVI4KDku56VaHP1RWZsouhsvbWYmas2w9I=",
    "last_login": "2025-06-28T13:06:30.189Z",
    "is_superuser": true,
    "username": "ae-admin",
    "first_name": "",
    "last_name": "",
    "email": "simbamtombe@gmail.com",
    "is_staff": true,
    "is_active": true,
    "date_joined": "2025-06-18T14:45:45.235Z",
    "groups": [],
    "user_permissions": []
  }
},
{
  "model": "auth.user",
  "pk": 2,
  "fields": {
    "password": "pbkdf2_sha256$870000$kLO4KMYf18o6PHaxGkImZr$fIvf1+5+DrqNtXsVHvQ0ujMWLZFxv5eQ1r/wQNrX9rU=",
    "last_login": null,
    "is_superuser": true,
    "username": "ANOLD",
    "first_name": "",
    "last_name": "",
    "email": "anoldgwira@gmail.com",
    "is_staff": true,
    "is_active": true,
    "date_joined": "2025-06-19T14:25:27Z",
    "groups": [],
    "user_permissions": []
  }
},
{
  "model": "auth.user",
  "pk": 3,
  "fields": {
    "password": "pbkdf2_sha256$870000$c7qgb5VnvfAyoKe7n1GOew$Lv6IGR6492TbDS1AgEwWuyp8N0i6CK0EvFQEcsXXIK8=",
    "last_login": null,
    "is_superuser": false,
    "username": "Farai",
    "first_name": "",
    "last_name": "",
    "email": "faraimuti@gmail.com",
    "is_staff": false,
    "is_active": true,
    "date_joined": "2025-06-19T16:09:35.561Z",
    "groups": [],
    "user_permissions": []
  }
},
{
  "model": "contenttypes.contenttype",
  "pk": 1,
  "fields": {
    "app_label": "admin",
    "model": "logentry"
  }
},
{
  "model": "contenttypes.contenttype",
  "pk": 2,
  "fields": {
    "app_label": "auth",
    "model": "permission"
  }
},
{
  "model": "contenttypes.contenttype",
  "pk": 3,
  "fields": {
    "app_label": "auth",
    "model": "group"
  }
},
{
  "model": "contenttypes.contenttype",
  "pk": 4,
  "fields": {
    "app_label": "auth",
    "model": "user"
  }
},
{
  "model": "contenttypes.contenttype",
  "pk": 5,
  "fields": {
    "app_label": "contenttypes",
    "model": "contenttype"
  }
},
{
  "model": "contenttypes.contenttype",
  "pk": 6,
  "fields": {
    "app_label": "sessions",
    "model": "session"
  }
},
{
  "model": "contenttypes.contenttype",
  "pk": 7,
  "fields": {
    "app_label": "core",
    "model": "vehicleimage"
  }
},
{
  "model": "contenttypes.contenttype",
  "pk": 8,
  "fields": {
    "app_label": "core",
    "model": "profile"
  }
},
{
  "model": "contenttypes.contenttype",
  "pk": 9,
  "fields": {
    "app_label": "core",
    "model": "vehicle"
  }
},
{
  "model": "contenttypes.contenttype",
  "pk": 10,
  "fields": {
    "app_label": "core",
    "model": "bid"
  }
},
{
  "model": "contenttypes.contenttype",
  "pk": 11,
  "fields": {
    "app_label": "core",
    "model": "notification"
  }
},
{
  "model": "contenttypes.contenttype",
  "pk": 12,
  "fields": {
    "app_label": "core",
    "model": "vehiclesearch"
  }
},
{
  "model": "contenttypes.contenttype",
  "pk": 13,
  "fields": {
    "app_label": "core",
    "model": "quoterequest"
  }
},
{
  "model": "sessions.session",
  "pk": "qqck0j7168np2pq2r3ytb8q745akevm7",
  "fields": {
    "session_data": ".eJxVjDsOwjAQRO_iGlmsP_Kakp4zWN5dgwPIkeKkirg7iZQCypn3ZlaV8jLXtPQypUHURYE6_XaU-VXaDuSZ22PUPLZ5Gkjvij5o17dRyvt6uH8HNfe6rdE4grNEQAneAwFuyWNgstYhoTBEvEOJYHy0JuRos3NSgjEUmEl9vrWxNxU:1uTSlk:B--YbiLEqi9ZKevrNHwzn-2OfX1eMLo0LNY7vXm3cjE",
    "expire_date": "2025-07-06T22:02:32.396Z"
  }
},
{
  "model": "sessions.session",
  "pk": "vu3cpgdl3y1m9tscfkc10zzgeqglu4uh",
  "fields": {
    "session_data": ".eJxVjDsOwjAQRO_iGlmsP_Kakp4zWN5dgwPIkeKkirg7iZQCypn3ZlaV8jLXtPQypUHURYE6_XaU-VXaDuSZ22PUPLZ5Gkjvij5o17dRyvt6uH8HNfe6rdE4grNEQAneAwFuyWNgstYhoTBEvEOJYHy0JuRos3NSgjEUmEl9vrWxNxU:1uSHsE:Vcg8-pP_gsfLSpjQ41VxYJJS90v4USWaLNNqn_0XGX0",
    "expire_date": "2025-07-03T16:12:22.773Z"
  }
},
{
  "model": "sessions.session",
  "pk": "y8zt1vgbcdakp2jlc98urjgklwt0fwx4",
  "fields": {
    "session_data": ".eJxVjDsOwjAQRO_iGlmsP_Kakp4zWN5dgwPIkeKkirg7iZQCypn3ZlaV8jLXtPQypUHURYE6_XaU-VXaDuSZ22PUPLZ5Gkjvij5o17dRyvt6uH8HNfe6rdE4grNEQAneAwFuyWNgstYhoTBEvEOJYHy0JuRos3NSgjEUmEl9vrWxNxU:1uVVGI:M9CMMU2lXHBaZ5_siwok2Q3iQKVS6RzeDEWhwZ81WeI",
    "expire_date": "2025-07-12T13:06:30.953Z"
  }
},
{
  "model": "sessions.session",
  "pk": "z282kebx3tg5svcn9l1zba5ojwfdko65",
  "fields": {
    "session_data": ".eJxVjDsOwjAQRO_iGlmsP_Kakp4zWN5dgwPIkeKkirg7iZQCypn3ZlaV8jLXtPQypUHURYE6_XaU-VXaDuSZ22PUPLZ5Gkjvij5o17dRyvt6uH8HNfe6rdE4grNEQAneAwFuyWNgstYhoTBEvEOJYHy0JuRos3NSgjEUmEl9vrWxNxU:1uSHKW:cwuLBMmksByNy5xsbA5PMi3Bgiv9wj5uL-2ECwSjvio",
    "expire_date": "2025-07-03T15:37:32.359Z"
  }
},
{
  "model": "core.profile",
  "pk": 1,
  "fields": {
    "user": 1,
    "phone": "",
    "first_name": "",
    "last_name": "",
    "profile_picture": "",
    "created_at": "2025-06-18T14:45:46.110Z",
    "updated_at": "2025-06-28T13:06:30.701Z"
  }
},
{
  "model": "core.profile",
  "pk": 2,
  "fields": {
    "user": 2,
    "phone": "",
    "first_name": "",
    "last_name": "",
    "profile_picture": "",
    "created_at": "2025-06-19T14:25:30.144Z",
    "updated_at": "2025-06-19T15:38:48.992Z"
  }
},
{
  "model": "core.profile",
  "pk": 3,
  "fields": {
    "user": 3,
    "phone": "",
    "first_name": "",
    "last_name": "",
    "profile_picture": "",
    "created_at": "2025-06-19T16:09:38.089Z",
    "updated_at": "2025-06-19T16:09:38.270Z"
  }
},
{
  "model": "core.notification",
  "pk": 1,
  "fields": {
    "user": 1,
    "notification_type": "approval",
    "message": "Your Jeep Javada has been physically verified and is now live on our marketplace!",
    "related_object_id": 10,
    "is_read": false,
    "created_at": "2025-06-22T21:57:46.284Z"
  }
},
{
  "model": "core.notification",
  "pk": 2,
  "fields": {
    "user": 2,
    "notification_type": "approval",
    "message": "Your TOYOTA FORTUNER has been physically verified and is now live on our marketplace!",
    "related_object_id": 11,
    "is_read": false,
    "created_at": "2025-06-25T11:35:54.882Z"
  }
},
{
  "model": "core.notification",
  "pk": 3,
  "fields": {
    "user": 1,
    "notification_type": "approval",
    "message": "Your Toyota Camry has been physically verified and is now live on our marketplace!",
    "related_object_id": 8,
    "is_read": false,
    "created_at": "2025-06-26T07:11:49.694Z"
  }
},
{
  "model": "core.notification",
  "pk": 4,
  "fields": {
    "user": 1,
    "notification_type": "approval",
    "message": "Your Toyota Camry has been physically verified and is now live on our marketplace!",
    "related_object_id": 8,
    "is_read": false,
    "created_at": "2025-06-26T07:11:50.143Z"
  }
},
{
  "model": "core.notification",
  "pk": 5,
  "fields": {
    "user": 2,
    "notification_type": "approval",
    "message": "Your MERCEDES BENZ E200 has been physically verified and is now live on our marketplace!",
    "related_object_id": 12,
    "is_read": false,
    "created_at": "2025-06-27T08:21:11.607Z"
  }
},
{
  "model": "core.notification",
  "pk": 6,
  "fields": {
    "user": 2,
    "notification_type": "approval",
    "message": "Your MERCEDES BENZ E200 has been physically verified and is now live on our marketplace!",
    "related_object_id": 12,
    "is_read": false,
    "created_at": "2025-06-27T08:21:12.344Z"
  }
},
{
  "model": "core.notification",
  "pk": 7,
  "fields": {
    "user": 2,
    "notification_type": "approval",
    "message": "Your MERCEDES BENZ E200 has been physically verified and is now live on our marketplace!",
    "related_object_id": 12,
    "is_read": false,
    "created_at": "2025-06-27T08:29:10.304Z"
  }
},
{
  "model": "core.notification",
  "pk": 8,
  "fields": {
    "user": 2,
    "notification_type": "approval",
    "message": "Your TOYOTA LAND CRUISER 200 SERIES has been physically verified and is now live on our marketplace!",
    "related_object_id": 13,
    "is_read": false,
    "created_at": "2025-06-27T08:30:59.166Z"
  }
},
{
  "model": "core.notification",
  "pk": 9,
  "fields": {
    "user": 2,
    "notification_type": "approval",
    "message": "Your TOYOTA LAND CRUISER 200 SERIES has been physically verified and is now live on our marketplace!",
    "related_object_id": 13,
    "is_read": false,
    "created_at": "2025-06-27T08:30:59.545Z"
  }
},
{
  "model": "core.notification",
  "pk": 10,
  "fields": {
    "user": 2,
    "notification_type": "approval",
    "message": "Your TOYOTA LAND CRUISER 200 SERIES has been physically verified and is now live on our marketplace!",
    "related_object_id": 13,
    "is_read": false,
    "created_at": "2025-06-27T08:30:59.693Z"
  }
},
{
  "model": "core.notification",
  "pk": 11,
  "fields": {
    "user": 2,
    "notification_type": "approval",
    "message": "Your TOYOTA HILUX D4D has been physically verified and is now live on our marketplace!",
    "related_object_id": 19,
    "is_read": false,
    "created_at": "2025-06-27T08:34:21.581Z"
  }
},
{
  "model": "core.notification",
  "pk": 12,
  "fields": {
    "user": 2,
    "notification_type": "approval",
    "message": "Your CHEVROLET UTILITY has been physically verified and is now live on our marketplace!",
    "related_object_id": 15,
    "is_read": false,
    "created_at": "2025-06-27T08:37:00.103Z"
  }
},
{
  "model": "core.notification",
  "pk": 13,
  "fields": {
    "user": 2,
    "notification_type": "approval",
    "message": "Your NISSAN NV350 has been physically verified and is now live on our marketplace!",
    "related_object_id": 16,
    "is_read": false,
    "created_at": "2025-06-27T12:32:51.021Z"
  }
},
{
  "model": "core.notification",
  "pk": 14,
  "fields": {
    "user": 2,
    "notification_type": "approval",
    "message": "Your HONDA FIT HYDBRID has been physically verified and is now live on our marketplace!",
    "related_object_id": 14,
    "is_read": false,
    "created_at": "2025-06-27T12:35:18.373Z"
  }
},
{
  "model": "core.notification",
  "pk": 15,
  "fields": {
    "user": 2,
    "notification_type": "approval",
    "message": "Your SUZUKI IGNICE has been physically verified and is now live on our marketplace!",
    "related_object_id": 18,
    "is_read": false,
    "created_at": "2025-06-27T12:42:15.660Z"
  }
},
{
  "model": "core.notification",
  "pk": 16,
  "fields": {
    "user": 2,
    "notification_type": "approval",
    "message": "Your NISSAN NP300 has been physically verified and is now live on our marketplace!",
    "related_object_id": 22,
    "is_read": false,
    "created_at": "2025-06-27T13:07:19.384Z"
  }
},
{
  "model": "core.notification",
  "pk": 17,
  "fields": {
    "user": 2,
    "notification_type": "approval",
    "message": "Your NISSAN NP300 has been physically verified and is now live on our marketplace!",
    "related_object_id": 22,
    "is_read": false,
    "created_at": "2025-06-27T13:07:19.737Z"
  }
},
{
  "model": "core.notification",
  "pk": 18,
  "fields": {
    "user": 2,
    "notification_type": "approval",
    "message": "Your NISSAN NP300 has been physically verified and is now live on our marketplace!",
    "related_object_id": 22,
    "is_read": false,
    "created_at": "2025-06-27T13:07:20.024Z"
  }
},
{
  "model": "core.notification",
  "pk": 19,
  "fields": {
    "user": 2,
    "notification_type": "approval",
    "message": "Your NISSAN NP300 has been physically verified and is now live on our marketplace!",
    "related_object_id": 22,
    "is_read": false,
    "created_at": "2025-06-27T13:07:20.708Z"
  }
},
{
  "model": "core.notification",
  "pk": 20,
  "fields": {
    "user": 2,
    "notification_type": "approval",
    "message": "Your MERCEDES BENZ E200 has been physically verified and is now live on our marketplace!",
    "related_object_id": 25,
    "is_read": false,
    "created_at": "2025-06-28T10:15:45.049Z"
  }
},
{
  "model": "core.notification",
  "pk": 21,
  "fields": {
    "user": 2,
    "notification_type": "approval",
    "message": "Your TOYOTA AQUA HYBRID ORANGE has been physically verified and is now live on our marketplace!",
    "related_object_id": 26,
    "is_read": false,
    "created_at": "2025-06-28T10:21:16.658Z"
  }
},
{
  "model": "core.notification",
  "pk": 22,
  "fields": {
    "user": 2,
    "notification_type": "approval",
    "message": "Your TOYOTA AQUA HYBRID ORANGE has been physically verified and is now live on our marketplace!",
    "related_object_id": 26,
    "is_read": false,
    "created_at": "2025-06-28T10:21:16.861Z"
  }
},
{
  "model": "core.notification",
  "pk": 23,
  "fields": {
    "user": 2,
    "notification_type": "approval",
    "message": "Your ISUZU KB300 D-TEQ has been physically verified and is now live on our marketplace!",
    "related_object_id": 24,
    "is_read": false,
    "created_at": "2025-06-28T10:23:31.164Z"
  }
},
{
  "model": "core.notification",
  "pk": 24,
  "fields": {
    "user": 2,
    "notification_type": "approval",
    "message": "Your ISUZU KB300 D-TEQ has been physically verified and is now live on our marketplace!",
    "related_object_id": 24,
    "is_read": false,
    "created_at": "2025-06-28T10:23:31.400Z"
  }
},
{
  "model": "core.notification",
  "pk": 25,
  "fields": {
    "user": 2,
    "notification_type": "approval",
    "message": "Your MERCEDES BENZ GLE 400D has been physically verified and is now live on our marketplace!",
    "related_object_id": 23,
    "is_read": false,
    "created_at": "2025-06-28T10:25:23.703Z"
  }
},
{
  "model": "core.notification",
  "pk": 26,
  "fields": {
    "user": 2,
    "notification_type": "approval",
    "message": "Your CHEVROLET ORLAND LS has been physically verified and is now live on our marketplace!",
    "related_object_id": 27,
    "is_read": false,
    "created_at": "2025-06-28T10:34:18.008Z"
  }
},
{
  "model": "core.vehicle",
  "pk": 4,
  "fields": {
    "is_digitally_verified": true,
    "is_physically_verified": false,
    "is_rejected": false,
    "digitally_verified_by": 1,
    "digitally_verified_at": "2025-06-19T23:34:23.526Z",
    "physically_verified_by": null,
    "physically_verified_at": null,
    "rejected_at": null,
    "owner": 1,
    "make": "Nissan",
    "model": "Nova",
    "vin": "000000HR",
    "location": null,
    "year": 2025,
    "mileage": 324400,
    "proposed_price": null,
    "is_visible": true,
    "verification_state": "digital",
    "listing_type": "marketplace",
    "fuel_type": null,
    "price": "12000.00",
    "rejection_reason": "",
    "created_at": "2025-06-19T23:23:51.399Z"
  }
},
{
  "model": "core.vehicle",
  "pk": 5,
  "fields": {
    "is_digitally_verified": false,
    "is_physically_verified": true,
    "is_rejected": false,
    "digitally_verified_by": null,
    "digitally_verified_at": null,
    "physically_verified_by": 1,
    "physically_verified_at": "2025-06-20T00:27:32.200Z",
    "rejected_at": null,
    "owner": 1,
    "make": "Honda",
    "model": "Fit",
    "vin": "000000H453",
    "location": null,
    "year": 2025,
    "mileage": 1234,
    "proposed_price": null,
    "is_visible": true,
    "verification_state": "physical",
    "listing_type": "marketplace",
    "fuel_type": null,
    "price": "50000.00",
    "rejection_reason": "",
    "created_at": "2025-06-19T23:51:25.928Z"
  }
},
{
  "model": "core.vehicle",
  "pk": 6,
  "fields": {
    "is_digitally_verified": false,
    "is_physically_verified": true,
    "is_rejected": false,
    "digitally_verified_by": null,
    "digitally_verified_at": null,
    "physically_verified_by": 1,
    "physically_verified_at": "2025-06-20T00:59:47.640Z",
    "rejected_at": null,
    "owner": 1,
    "make": "Ford Ranger",
    "model": "Rapture",
    "vin": "435323U",
    "location": null,
    "year": 2025,
    "mileage": 3400,
    "proposed_price": null,
    "is_visible": true,
    "verification_state": "physical",
    "listing_type": "marketplace",
    "fuel_type": null,
    "price": "120000.00",
    "rejection_reason": "",
    "created_at": "2025-06-20T00:57:57.783Z"
  }
},
{
  "model": "core.vehicle",
  "pk": 7,
  "fields": {
    "is_digitally_verified": true,
    "is_physically_verified": false,
    "is_rejected": false,
    "digitally_verified_by": 2,
    "digitally_verified_at": "2025-06-20T06:29:08.452Z",
    "physically_verified_by": null,
    "physically_verified_at": null,
    "rejected_at": null,
    "owner": 2,
    "make": "TOYOTA",
    "model": "HILUX",
    "vin": "738478RJF",
    "location": null,
    "year": 2019,
    "mileage": 50,
    "proposed_price": null,
    "is_visible": true,
    "verification_state": "digital",
    "listing_type": "marketplace",
    "fuel_type": null,
    "price": "75000.00",
    "rejection_reason": "",
    "created_at": "2025-06-20T06:12:06.538Z"
  }
},
{
  "model": "core.vehicle",
  "pk": 8,
  "fields": {
    "is_digitally_verified": true,
    "is_physically_verified": true,
    "is_rejected": false,
    "digitally_verified_by": 2,
    "digitally_verified_at": "2025-06-23T08:26:02.690Z",
    "physically_verified_by": 2,
    "physically_verified_at": "2025-06-26T07:11:40.978Z",
    "rejected_at": null,
    "owner": 1,
    "make": "Toyota",
    "model": "Camry",
    "vin": "1HER42325",
    "location": null,
    "year": 2020,
    "mileage": 24999,
    "proposed_price": "12000.00",
    "is_visible": true,
    "verification_state": "physical",
    "listing_type": "instant_sale",
    "fuel_type": null,
    "price": null,
    "rejection_reason": "",
    "created_at": "2025-06-21T21:55:24.215Z"
  }
},
{
  "model": "core.vehicle",
  "pk": 10,
  "fields": {
    "is_digitally_verified": false,
    "is_physically_verified": true,
    "is_rejected": false,
    "digitally_verified_by": null,
    "digitally_verified_at": null,
    "physically_verified_by": 1,
    "physically_verified_at": "2025-06-22T21:57:48.885Z",
    "rejected_at": null,
    "owner": 1,
    "make": "Jeep",
    "model": "Javada",
    "vin": "0T00000H",
    "location": null,
    "year": 2025,
    "mileage": 3244,
    "proposed_price": null,
    "is_visible": true,
    "verification_state": "physical",
    "listing_type": "marketplace",
    "fuel_type": null,
    "price": "79000.00",
    "rejection_reason": "",
    "created_at": "2025-06-22T21:50:14.002Z"
  }
},
{
  "model": "core.vehicle",
  "pk": 11,
  "fields": {
    "is_digitally_verified": false,
    "is_physically_verified": true,
    "is_rejected": false,
    "digitally_verified_by": null,
    "digitally_verified_at": null,
    "physically_verified_by": 2,
    "physically_verified_at": "2025-06-25T11:35:49.323Z",
    "rejected_at": null,
    "owner": 2,
    "make": "TOYOTA",
    "model": "FORTUNER",
    "vin": "JFK973005Q",
    "location": null,
    "year": 2019,
    "mileage": 97000,
    "proposed_price": null,
    "is_visible": true,
    "verification_state": "physical",
    "listing_type": "marketplace",
    "fuel_type": null,
    "price": "35000.00",
    "rejection_reason": "",
    "created_at": "2025-06-25T11:34:53.549Z"
  }
},
{
  "model": "core.vehicle",
  "pk": 12,
  "fields": {
    "is_digitally_verified": false,
    "is_physically_verified": true,
    "is_rejected": false,
    "digitally_verified_by": null,
    "digitally_verified_at": null,
    "physically_verified_by": 2,
    "physically_verified_at": "2025-06-27T08:29:11.252Z",
    "rejected_at": null,
    "owner": 2,
    "make": "MERCEDES",
    "model": "BENZ E200",
    "vin": "WDD2120342A871821",
    "location": null,
    "year": 2013,
    "mileage": 134873,
    "proposed_price": null,
    "is_visible": true,
    "verification_state": "physical",
    "listing_type": "marketplace",
    "fuel_type": "diesel",
    "price": "17000.00",
    "rejection_reason": "",
    "created_at": "2025-06-26T11:55:59.006Z"
  }
},
{
  "model": "core.vehicle",
  "pk": 13,
  "fields": {
    "is_digitally_verified": false,
    "is_physically_verified": true,
    "is_rejected": false,
    "digitally_verified_by": null,
    "digitally_verified_at": null,
    "physically_verified_by": 2,
    "physically_verified_at": "2025-06-27T08:31:02.329Z",
    "rejected_at": null,
    "owner": 2,
    "make": "TOYOTA",
    "model": "LAND CRUISER 200 SERIES",
    "vin": "JTMHV05J804015893",
    "location": null,
    "year": 2017,
    "mileage": 274464,
    "proposed_price": null,
    "is_visible": true,
    "verification_state": "physical",
    "listing_type": "marketplace",
    "fuel_type": "diesel",
    "price": "55000.00",
    "rejection_reason": "",
    "created_at": "2025-06-26T12:03:24.145Z"
  }
},
{
  "model": "core.vehicle",
  "pk": 14,
  "fields": {
    "is_digitally_verified": false,
    "is_physically_verified": true,
    "is_rejected": false,
    "digitally_verified_by": null,
    "digitally_verified_at": null,
    "physically_verified_by": 2,
    "physically_verified_at": "2025-06-27T12:35:11.808Z",
    "rejected_at": null,
    "owner": 2,
    "make": "HONDA",
    "model": "FIT HYDBRID",
    "vin": "JF7500HJ98",
    "location": null,
    "year": 2015,
    "mileage": 164572,
    "proposed_price": null,
    "is_visible": true,
    "verification_state": "physical",
    "listing_type": "marketplace",
    "fuel_type": null,
    "price": "8500.00",
    "rejection_reason": "",
    "created_at": "2025-06-26T12:15:16.470Z"
  }
},
{
  "model": "core.vehicle",
  "pk": 15,
  "fields": {
    "is_digitally_verified": false,
    "is_physically_verified": true,
    "is_rejected": false,
    "digitally_verified_by": null,
    "digitally_verified_at": null,
    "physically_verified_by": 2,
    "physically_verified_at": "2025-06-27T08:36:54.217Z",
    "rejected_at": null,
    "owner": 2,
    "make": "CHEVROLET",
    "model": "UTILITY",
    "vin": "UJH65FGHY789KM",
    "location": null,
    "year": 2017,
    "mileage": 74804,
    "proposed_price": null,
    "is_visible": true,
    "verification_state": "physical",
    "listing_type": "marketplace",
    "fuel_type": "petrol",
    "price": "9000.00",
    "rejection_reason": "",
    "created_at": "2025-06-26T12:19:07.246Z"
  }
},
{
  "model": "core.vehicle",
  "pk": 16,
  "fields": {
    "is_digitally_verified": false,
    "is_physically_verified": true,
    "is_rejected": false,
    "digitally_verified_by": null,
    "digitally_verified_at": null,
    "physically_verified_by": 2,
    "physically_verified_at": "2025-06-27T12:32:46.136Z",
    "rejected_at": null,
    "owner": 2,
    "make": "NISSAN",
    "model": "NV350",
    "vin": "VR2E26103207",
    "location": null,
    "year": 2016,
    "mileage": 72639,
    "proposed_price": null,
    "is_visible": true,
    "verification_state": "physical",
    "listing_type": "marketplace",
    "fuel_type": null,
    "price": "16500.00",
    "rejection_reason": "",
    "created_at": "2025-06-26T12:23:21.959Z"
  }
},
{
  "model": "core.vehicle",
  "pk": 17,
  "fields": {
    "is_digitally_verified": false,
    "is_physically_verified": false,
    "is_rejected": false,
    "digitally_verified_by": null,
    "digitally_verified_at": null,
    "physically_verified_by": null,
    "physically_verified_at": null,
    "rejected_at": null,
    "owner": 2,
    "make": "TOYOTA",
    "model": "AQUA HYBRID",
    "vin": "TBA",
    "location": null,
    "year": 2015,
    "mileage": 65191,
    "proposed_price": null,
    "is_visible": true,
    "verification_state": "pending",
    "listing_type": "marketplace",
    "fuel_type": null,
    "price": "9500.00",
    "rejection_reason": null,
    "created_at": "2025-06-26T12:31:47.465Z"
  }
},
{
  "model": "core.vehicle",
  "pk": 18,
  "fields": {
    "is_digitally_verified": false,
    "is_physically_verified": true,
    "is_rejected": false,
    "digitally_verified_by": null,
    "digitally_verified_at": null,
    "physically_verified_by": 2,
    "physically_verified_at": "2025-06-27T12:42:09.795Z",
    "rejected_at": null,
    "owner": 2,
    "make": "SUZUKI",
    "model": "IGNICE",
    "vin": "FF215109810",
    "location": null,
    "year": 2015,
    "mileage": 75213,
    "proposed_price": null,
    "is_visible": true,
    "verification_state": "physical",
    "listing_type": "marketplace",
    "fuel_type": null,
    "price": "8500.00",
    "rejection_reason": "",
    "created_at": "2025-06-26T12:37:35.020Z"
  }
},
{
  "model": "core.vehicle",
  "pk": 19,
  "fields": {
    "is_digitally_verified": false,
    "is_physically_verified": true,
    "is_rejected": false,
    "digitally_verified_by": null,
    "digitally_verified_at": null,
    "physically_verified_by": 2,
    "physically_verified_at": "2025-06-27T08:34:17.531Z",
    "rejected_at": null,
    "owner": 2,
    "make": "TOYOTA",
    "model": "HILUX D4D",
    "vin": "UHG678JHGDS440",
    "location": null,
    "year": 2010,
    "mileage": 99148,
    "proposed_price": null,
    "is_visible": true,
    "verification_state": "physical",
    "listing_type": "marketplace",
    "fuel_type": "diesel",
    "price": "18500.00",
    "rejection_reason": "",
    "created_at": "2025-06-26T12:54:21.205Z"
  }
},
{
  "model": "core.vehicle",
  "pk": 20,
  "fields": {
    "is_digitally_verified": false,
    "is_physically_verified": false,
    "is_rejected": false,
    "digitally_verified_by": null,
    "digitally_verified_at": null,
    "physically_verified_by": null,
    "physically_verified_at": null,
    "rejected_at": null,
    "owner": 2,
    "make": "VOLKSWAGEN",
    "model": "GOLF GTI",
    "vin": "VWIIGHT556JKL",
    "location": null,
    "year": 2015,
    "mileage": 91827,
    "proposed_price": null,
    "is_visible": true,
    "verification_state": "pending",
    "listing_type": "marketplace",
    "fuel_type": "petrol",
    "price": "15000.00",
    "rejection_reason": null,
    "created_at": "2025-06-26T13:07:58.293Z"
  }
},
{
  "model": "core.vehicle",
  "pk": 21,
  "fields": {
    "is_digitally_verified": false,
    "is_physically_verified": false,
    "is_rejected": true,
    "digitally_verified_by": null,
    "digitally_verified_at": null,
    "physically_verified_by": null,
    "physically_verified_at": null,
    "rejected_at": "2025-06-27T12:35:56.264Z",
    "owner": 1,
    "make": "Mecerdes",
    "model": "Benz",
    "vin": "000000HX",
    "location": null,
    "year": 2025,
    "mileage": 23000,
    "proposed_price": null,
    "is_visible": true,
    "verification_state": "rejected",
    "listing_type": "marketplace",
    "fuel_type": "diesel",
    "price": "43000.00",
    "rejection_reason": "TRIAL",
    "created_at": "2025-06-26T19:39:22.326Z"
  }
},
{
  "model": "core.vehicle",
  "pk": 22,
  "fields": {
    "is_digitally_verified": false,
    "is_physically_verified": true,
    "is_rejected": false,
    "digitally_verified_by": null,
    "digitally_verified_at": null,
    "physically_verified_by": 2,
    "physically_verified_at": "2025-06-27T13:11:05.023Z",
    "rejected_at": null,
    "owner": 2,
    "make": "NISSAN",
    "model": "NP300",
    "vin": "ADNAPGD22ZR132157",
    "location": null,
    "year": 2021,
    "mileage": 83532,
    "proposed_price": null,
    "is_visible": true,
    "verification_state": "physical",
    "listing_type": "marketplace",
    "fuel_type": "diesel",
    "price": "18500.00",
    "rejection_reason": "",
    "created_at": "2025-06-27T13:01:25.211Z"
  }
},
{
  "model": "core.vehicle",
  "pk": 23,
  "fields": {
    "is_digitally_verified": false,
    "is_physically_verified": true,
    "is_rejected": false,
    "digitally_verified_by": null,
    "digitally_verified_at": null,
    "physically_verified_by": 2,
    "physically_verified_at": "2025-06-28T10:25:18.058Z",
    "rejected_at": null,
    "owner": 2,
    "make": "MERCEDES BENZ",
    "model": "GLE 400D",
    "vin": "W1N1671232A461293",
    "location": null,
    "year": 2023,
    "mileage": 102697,
    "proposed_price": null,
    "is_visible": true,
    "verification_state": "physical",
    "listing_type": "marketplace",
    "fuel_type": "diesel",
    "price": "125000.00",
    "rejection_reason": "",
    "created_at": "2025-06-28T09:54:54.747Z"
  }
},
{
  "model": "core.vehicle",
  "pk": 24,
  "fields": {
    "is_digitally_verified": false,
    "is_physically_verified": true,
    "is_rejected": false,
    "digitally_verified_by": null,
    "digitally_verified_at": null,
    "physically_verified_by": 2,
    "physically_verified_at": "2025-06-28T10:23:29.032Z",
    "rejected_at": null,
    "owner": 2,
    "make": "ISUZU",
    "model": "KB300 D-TEQ",
    "vin": "ADMURCER9C4693666",
    "location": null,
    "year": 2014,
    "mileage": 115250,
    "proposed_price": null,
    "is_visible": true,
    "verification_state": "physical",
    "listing_type": "marketplace",
    "fuel_type": "diesel",
    "price": "25000.00",
    "rejection_reason": "",
    "created_at": "2025-06-28T09:58:51.259Z"
  }
},
{
  "model": "core.vehicle",
  "pk": 25,
  "fields": {
    "is_digitally_verified": false,
    "is_physically_verified": true,
    "is_rejected": false,
    "digitally_verified_by": null,
    "digitally_verified_at": null,
    "physically_verified_by": 2,
    "physically_verified_at": "2025-06-28T10:15:36.797Z",
    "rejected_at": null,
    "owner": 2,
    "make": "MERCEDES BENZ",
    "model": "E200",
    "vin": "WDD2130422A293985",
    "location": null,
    "year": 2017,
    "mileage": 4557,
    "proposed_price": null,
    "is_visible": true,
    "verification_state": "physical",
    "listing_type": "marketplace",
    "fuel_type": "petrol",
    "price": "35000.00",
    "rejection_reason": "",
    "created_at": "2025-06-28T10:12:09.656Z"
  }
},
{
  "model": "core.vehicle",
  "pk": 26,
  "fields": {
    "is_digitally_verified": false,
    "is_physically_verified": true,
    "is_rejected": false,
    "digitally_verified_by": null,
    "digitally_verified_at": null,
    "physically_verified_by": 2,
    "physically_verified_at": "2025-06-28T10:21:14.557Z",
    "rejected_at": null,
    "owner": 2,
    "make": "TOYOTA",
    "model": "AQUA HYBRID ORANGE",
    "vin": "1928AZBY3753Q",
    "location": null,
    "year": 2015,
    "mileage": 70000,
    "proposed_price": "9500.00",
    "is_visible": true,
    "verification_state": "physical",
    "listing_type": "instant_sale",
    "fuel_type": "petrol",
    "price": null,
    "rejection_reason": "",
    "created_at": "2025-06-28T10:14:53.467Z"
  }
},
{
  "model": "core.vehicle",
  "pk": 27,
  "fields": {
    "is_digitally_verified": false,
    "is_physically_verified": true,
    "is_rejected": false,
    "digitally_verified_by": null,
    "digitally_verified_at": null,
    "physically_verified_by": 2,
    "physically_verified_at": "2025-06-28T10:34:15.943Z",
    "rejected_at": null,
    "owner": 2,
    "make": "CHEVROLET",
    "model": "ORLAND LS",
    "vin": "KL1YF7551CK654513",
    "location": null,
    "year": 2012,
    "mileage": 123637,
    "proposed_price": null,
    "is_visible": true,
    "verification_state": "physical",
    "listing_type": "marketplace",
    "fuel_type": "petrol",
    "price": "8000.00",
    "rejection_reason": "",
    "created_at": "2025-06-28T10:31:03.569Z"
  }
},
{
  "model": "core.vehicleimage",
  "pk": 3,
  "fields": {
    "vehicle": 4,
    "image": "vehicle_images/RLG_OS4-XDA.png"
  }
},
{
  "model": "core.vehicleimage",
  "pk": 4,
  "fields": {
    "vehicle": 5,
    "image": "vehicle_images/xiaomisu7u1_g4Jlzvh.jpg"
  }
},
{
  "model": "core.vehicleimage",
  "pk": 5,
  "fields": {
    "vehicle": 6,
    "image": "vehicle_images/RANGER_eyXcMZH.png"
  }
},
{
  "model": "core.vehicleimage",
  "pk": 6,
  "fields": {
    "vehicle": 7,
    "image": "vehicle_images/WhatsApp_Image_2025-06-18_at_8.44.48_AM.jpeg"
  }
},
{
  "model": "core.vehicleimage",
  "pk": 7,
  "fields": {
    "vehicle": 7,
    "image": "vehicle_images/WhatsApp_Image_2025-06-18_at_8.44.49_AM.jpeg"
  }
},
{
  "model": "core.vehicleimage",
  "pk": 8,
  "fields": {
    "vehicle": 7,
    "image": "vehicle_images/WhatsApp_Image_2025-06-18_at_8.44.50_AM.jpeg"
  }
},
{
  "model": "core.vehicleimage",
  "pk": 9,
  "fields": {
    "vehicle": 8,
    "image": "vehicle_images/Drivers-side-front-angle-view-of-light-blue-2022-Toyota-Corolla-Cross_kkzzA0Y.jpg"
  }
},
{
  "model": "core.vehicleimage",
  "pk": 10,
  "fields": {
    "vehicle": 10,
    "image": "vehicle_images/pngwing.com_10.png"
  }
},
{
  "model": "core.vehicleimage",
  "pk": 11,
  "fields": {
    "vehicle": 11,
    "image": "vehicle_images/WhatsApp_Image_2025-06-25_at_13.15.29_1.jpeg"
  }
},
{
  "model": "core.vehicleimage",
  "pk": 12,
  "fields": {
    "vehicle": 11,
    "image": "vehicle_images/WhatsApp_Image_2025-06-25_at_13.15.36.jpeg"
  }
},
{
  "model": "core.vehicleimage",
  "pk": 13,
  "fields": {
    "vehicle": 11,
    "image": "vehicle_images/WhatsApp_Image_2025-06-25_at_13.15.32.jpeg"
  }
},
{
  "model": "core.vehicleimage",
  "pk": 14,
  "fields": {
    "vehicle": 11,
    "image": "vehicle_images/WhatsApp_Image_2025-06-25_at_13.15.30.jpeg"
  }
},
{
  "model": "core.vehicleimage",
  "pk": 15,
  "fields": {
    "vehicle": 11,
    "image": "vehicle_images/WhatsApp_Image_2025-06-25_at_13.15.29.jpeg"
  }
},
{
  "model": "core.vehicleimage",
  "pk": 16,
  "fields": {
    "vehicle": 12,
    "image": "vehicle_images/WhatsApp_Image_2025-06-26_at_12.39.03_2.jpeg"
  }
},
{
  "model": "core.vehicleimage",
  "pk": 17,
  "fields": {
    "vehicle": 12,
    "image": "vehicle_images/WhatsApp_Image_2025-06-26_at_12.39.04_1.jpeg"
  }
},
{
  "model": "core.vehicleimage",
  "pk": 18,
  "fields": {
    "vehicle": 12,
    "image": "vehicle_images/WhatsApp_Image_2025-06-26_at_12.39.04.jpeg"
  }
},
{
  "model": "core.vehicleimage",
  "pk": 19,
  "fields": {
    "vehicle": 12,
    "image": "vehicle_images/WhatsApp_Image_2025-06-26_at_12.39.05_1.jpeg"
  }
},
{
  "model": "core.vehicleimage",
  "pk": 20,
  "fields": {
    "vehicle": 12,
    "image": "vehicle_images/WhatsApp_Image_2025-06-26_at_12.39.05.jpeg"
  }
},
{
  "model": "core.vehicleimage",
  "pk": 21,
  "fields": {
    "vehicle": 12,
    "image": "vehicle_images/WhatsApp_Image_2025-06-26_at_12.39.06_1.jpeg"
  }
},
{
  "model": "core.vehicleimage",
  "pk": 22,
  "fields": {
    "vehicle": 12,
    "image": "vehicle_images/WhatsApp_Image_2025-06-26_at_12.39.06_2.jpeg"
  }
},
{
  "model": "core.vehicleimage",
  "pk": 23,
  "fields": {
    "vehicle": 12,
    "image": "vehicle_images/WhatsApp_Image_2025-06-26_at_12.39.06.jpeg"
  }
},
{
  "model": "core.vehicleimage",
  "pk": 24,
  "fields": {
    "vehicle": 13,
    "image": "vehicle_images/WhatsApp_Image_2025-06-26_at_12.38.59_2.jpeg"
  }
},
{
  "model": "core.vehicleimage",
  "pk": 25,
  "fields": {
    "vehicle": 13,
    "image": "vehicle_images/WhatsApp_Image_2025-06-26_at_12.39.00.jpeg"
  }
},
{
  "model": "core.vehicleimage",
  "pk": 26,
  "fields": {
    "vehicle": 13,
    "image": "vehicle_images/WhatsApp_Image_2025-06-26_at_12.39.01_1.jpeg"
  }
},
{
  "model": "core.vehicleimage",
  "pk": 27,
  "fields": {
    "vehicle": 13,
    "image": "vehicle_images/WhatsApp_Image_2025-06-26_at_12.39.01_2.jpeg"
  }
},
{
  "model": "core.vehicleimage",
  "pk": 28,
  "fields": {
    "vehicle": 13,
    "image": "vehicle_images/WhatsApp_Image_2025-06-26_at_12.39.01.jpeg"
  }
},
{
  "model": "core.vehicleimage",
  "pk": 29,
  "fields": {
    "vehicle": 13,
    "image": "vehicle_images/WhatsApp_Image_2025-06-26_at_12.39.02_1.jpeg"
  }
},
{
  "model": "core.vehicleimage",
  "pk": 30,
  "fields": {
    "vehicle": 13,
    "image": "vehicle_images/WhatsApp_Image_2025-06-26_at_12.39.02_2.jpeg"
  }
},
{
  "model": "core.vehicleimage",
  "pk": 31,
  "fields": {
    "vehicle": 13,
    "image": "vehicle_images/WhatsApp_Image_2025-06-26_at_12.39.02.jpeg"
  }
},
{
  "model": "core.vehicleimage",
  "pk": 32,
  "fields": {
    "vehicle": 13,
    "image": "vehicle_images/WhatsApp_Image_2025-06-26_at_12.39.03_1.jpeg"
  }
},
{
  "model": "core.vehicleimage",
  "pk": 33,
  "fields": {
    "vehicle": 13,
    "image": "vehicle_images/WhatsApp_Image_2025-06-26_at_12.39.03.jpeg"
  }
},
{
  "model": "core.vehicleimage",
  "pk": 34,
  "fields": {
    "vehicle": 14,
    "image": "vehicle_images/20250609_142151.jpg"
  }
},
{
  "model": "core.vehicleimage",
  "pk": 35,
  "fields": {
    "vehicle": 14,
    "image": "vehicle_images/20250609_142203.jpg"
  }
},
{
  "model": "core.vehicleimage",
  "pk": 36,
  "fields": {
    "vehicle": 14,
    "image": "vehicle_images/20250609_142214.jpg"
  }
},
{
  "model": "core.vehicleimage",
  "pk": 37,
  "fields": {
    "vehicle": 14,
    "image": "vehicle_images/20250609_142232.jpg"
  }
},
{
  "model": "core.vehicleimage",
  "pk": 38,
  "fields": {
    "vehicle": 14,
    "image": "vehicle_images/20250609_142241.jpg"
  }
},
{
  "model": "core.vehicleimage",
  "pk": 39,
  "fields": {
    "vehicle": 14,
    "image": "vehicle_images/20250609_142251.jpg"
  }
},
{
  "model": "core.vehicleimage",
  "pk": 40,
  "fields": {
    "vehicle": 15,
    "image": "vehicle_images/WhatsApp_Image_2025-06-26_at_12.38.56.jpeg"
  }
},
{
  "model": "core.vehicleimage",
  "pk": 41,
  "fields": {
    "vehicle": 15,
    "image": "vehicle_images/WhatsApp_Image_2025-06-26_at_12.38.57_1.jpeg"
  }
},
{
  "model": "core.vehicleimage",
  "pk": 42,
  "fields": {
    "vehicle": 15,
    "image": "vehicle_images/WhatsApp_Image_2025-06-26_at_12.38.57.jpeg"
  }
},
{
  "model": "core.vehicleimage",
  "pk": 43,
  "fields": {
    "vehicle": 15,
    "image": "vehicle_images/WhatsApp_Image_2025-06-26_at_12.38.58_1.jpeg"
  }
},
{
  "model": "core.vehicleimage",
  "pk": 44,
  "fields": {
    "vehicle": 15,
    "image": "vehicle_images/WhatsApp_Image_2025-06-26_at_12.38.58.jpeg"
  }
},
{
  "model": "core.vehicleimage",
  "pk": 45,
  "fields": {
    "vehicle": 15,
    "image": "vehicle_images/WhatsApp_Image_2025-06-26_at_12.38.59_1.jpeg"
  }
},
{
  "model": "core.vehicleimage",
  "pk": 46,
  "fields": {
    "vehicle": 15,
    "image": "vehicle_images/WhatsApp_Image_2025-06-26_at_12.38.59.jpeg"
  }
},
{
  "model": "core.vehicleimage",
  "pk": 47,
  "fields": {
    "vehicle": 16,
    "image": "vehicle_images/20250611_084416.jpg"
  }
},
{
  "model": "core.vehicleimage",
  "pk": 48,
  "fields": {
    "vehicle": 16,
    "image": "vehicle_images/20250611_084359.jpg"
  }
},
{
  "model": "core.vehicleimage",
  "pk": 49,
  "fields": {
    "vehicle": 16,
    "image": "vehicle_images/20250611_084345.jpg"
  }
},
{
  "model": "core.vehicleimage",
  "pk": 50,
  "fields": {
    "vehicle": 16,
    "image": "vehicle_images/20250611_084328.jpg"
  }
},
{
  "model": "core.vehicleimage",
  "pk": 51,
  "fields": {
    "vehicle": 16,
    "image": "vehicle_images/20250611_084305.jpg"
  }
},
{
  "model": "core.vehicleimage",
  "pk": 52,
  "fields": {
    "vehicle": 17,
    "image": "vehicle_images/20250611_095027.jpg"
  }
},
{
  "model": "core.vehicleimage",
  "pk": 53,
  "fields": {
    "vehicle": 17,
    "image": "vehicle_images/20250611_095015.jpg"
  }
},
{
  "model": "core.vehicleimage",
  "pk": 54,
  "fields": {
    "vehicle": 17,
    "image": "vehicle_images/20250611_095041.jpg"
  }
},
{
  "model": "core.vehicleimage",
  "pk": 55,
  "fields": {
    "vehicle": 17,
    "image": "vehicle_images/20250611_095058.jpg"
  }
},
{
  "model": "core.vehicleimage",
  "pk": 56,
  "fields": {
    "vehicle": 17,
    "image": "vehicle_images/20250611_095104.jpg"
  }
},
{
  "model": "core.vehicleimage",
  "pk": 57,
  "fields": {
    "vehicle": 18,
    "image": "vehicle_images/20250609_170423.jpg"
  }
},
{
  "model": "core.vehicleimage",
  "pk": 58,
  "fields": {
    "vehicle": 18,
    "image": "vehicle_images/20250609_170451.jpg"
  }
},
{
  "model": "core.vehicleimage",
  "pk": 59,
  "fields": {
    "vehicle": 18,
    "image": "vehicle_images/20250609_170513.jpg"
  }
},
{
  "model": "core.vehicleimage",
  "pk": 60,
  "fields": {
    "vehicle": 18,
    "image": "vehicle_images/20250609_170539.jpg"
  }
},
{
  "model": "core.vehicleimage",
  "pk": 61,
  "fields": {
    "vehicle": 19,
    "image": "vehicle_images/20250611_114039.jpg"
  }
},
{
  "model": "core.vehicleimage",
  "pk": 62,
  "fields": {
    "vehicle": 19,
    "image": "vehicle_images/20250611_114051.jpg"
  }
},
{
  "model": "core.vehicleimage",
  "pk": 63,
  "fields": {
    "vehicle": 19,
    "image": "vehicle_images/20250611_114119.jpg"
  }
},
{
  "model": "core.vehicleimage",
  "pk": 64,
  "fields": {
    "vehicle": 19,
    "image": "vehicle_images/20250611_114135.jpg"
  }
},
{
  "model": "core.vehicleimage",
  "pk": 65,
  "fields": {
    "vehicle": 19,
    "image": "vehicle_images/20250611_114149.jpg"
  }
},
{
  "model": "core.vehicleimage",
  "pk": 66,
  "fields": {
    "vehicle": 19,
    "image": "vehicle_images/20250605_092539.jpg"
  }
},
{
  "model": "core.vehicleimage",
  "pk": 67,
  "fields": {
    "vehicle": 20,
    "image": "vehicle_images/WhatsApp_Image_2025-06-26_at_12.39.10.jpeg"
  }
},
{
  "model": "core.vehicleimage",
  "pk": 68,
  "fields": {
    "vehicle": 20,
    "image": "vehicle_images/WhatsApp_Image_2025-06-26_at_12.39.07_2.jpeg"
  }
},
{
  "model": "core.vehicleimage",
  "pk": 69,
  "fields": {
    "vehicle": 20,
    "image": "vehicle_images/WhatsApp_Image_2025-06-26_at_12.39.07_1.jpeg"
  }
},
{
  "model": "core.vehicleimage",
  "pk": 70,
  "fields": {
    "vehicle": 20,
    "image": "vehicle_images/WhatsApp_Image_2025-06-26_at_12.39.07.jpeg"
  }
},
{
  "model": "core.vehicleimage",
  "pk": 71,
  "fields": {
    "vehicle": 20,
    "image": "vehicle_images/WhatsApp_Image_2025-06-26_at_12.39.08.jpeg"
  }
},
{
  "model": "core.vehicleimage",
  "pk": 72,
  "fields": {
    "vehicle": 20,
    "image": "vehicle_images/WhatsApp_Image_2025-06-26_at_12.39.08_1.jpeg"
  }
},
{
  "model": "core.vehicleimage",
  "pk": 73,
  "fields": {
    "vehicle": 20,
    "image": "vehicle_images/WhatsApp_Image_2025-06-26_at_12.39.09.jpeg"
  }
},
{
  "model": "core.vehicleimage",
  "pk": 74,
  "fields": {
    "vehicle": 20,
    "image": "vehicle_images/WhatsApp_Image_2025-06-26_at_12.39.09_2.jpeg"
  }
},
{
  "model": "core.vehicleimage",
  "pk": 75,
  "fields": {
    "vehicle": 20,
    "image": "vehicle_images/WhatsApp_Image_2025-06-26_at_12.39.09_1.jpeg"
  }
},
{
  "model": "core.vehicleimage",
  "pk": 76,
  "fields": {
    "vehicle": 21,
    "image": "vehicle_images/pngwing.com_8.png"
  }
},
{
  "model": "core.vehicleimage",
  "pk": 77,
  "fields": {
    "vehicle": 22,
    "image": "vehicle_images/20250627_101227.jpg"
  }
},
{
  "model": "core.vehicleimage",
  "pk": 78,
  "fields": {
    "vehicle": 22,
    "image": "vehicle_images/20250627_101213.jpg"
  }
},
{
  "model": "core.vehicleimage",
  "pk": 79,
  "fields": {
    "vehicle": 22,
    "image": "vehicle_images/20250627_101246.jpg"
  }
},
{
  "model": "core.vehicleimage",
  "pk": 80,
  "fields": {
    "vehicle": 22,
    "image": "vehicle_images/20250627_101300.jpg"
  }
},
{
  "model": "core.vehicleimage",
  "pk": 81,
  "fields": {
    "vehicle": 22,
    "image": "vehicle_images/20250627_101308.jpg"
  }
},
{
  "model": "core.vehicleimage",
  "pk": 82,
  "fields": {
    "vehicle": 22,
    "image": "vehicle_images/20250627_101341.jpg"
  }
},
{
  "model": "core.vehicleimage",
  "pk": 83,
  "fields": {
    "vehicle": 22,
    "image": "vehicle_images/20250627_101351.jpg"
  }
},
{
  "model": "core.vehicleimage",
  "pk": 84,
  "fields": {
    "vehicle": 22,
    "image": "vehicle_images/20250626_102205.jpg"
  }
},
{
  "model": "core.vehicleimage",
  "pk": 85,
  "fields": {
    "vehicle": 23,
    "image": "vehicle_images/20250627_101516.jpg"
  }
},
{
  "model": "core.vehicleimage",
  "pk": 86,
  "fields": {
    "vehicle": 23,
    "image": "vehicle_images/20250627_101525.jpg"
  }
},
{
  "model": "core.vehicleimage",
  "pk": 87,
  "fields": {
    "vehicle": 23,
    "image": "vehicle_images/20250627_101534.jpg"
  }
},
{
  "model": "core.vehicleimage",
  "pk": 88,
  "fields": {
    "vehicle": 23,
    "image": "vehicle_images/20250627_101545.jpg"
  }
},
{
  "model": "core.vehicleimage",
  "pk": 89,
  "fields": {
    "vehicle": 23,
    "image": "vehicle_images/20250627_101552.jpg"
  }
},
{
  "model": "core.vehicleimage",
  "pk": 90,
  "fields": {
    "vehicle": 23,
    "image": "vehicle_images/20250627_101559.jpg"
  }
},
{
  "model": "core.vehicleimage",
  "pk": 91,
  "fields": {
    "vehicle": 23,
    "image": "vehicle_images/20250627_101616.jpg"
  }
},
{
  "model": "core.vehicleimage",
  "pk": 92,
  "fields": {
    "vehicle": 23,
    "image": "vehicle_images/20250627_101625.jpg"
  }
},
{
  "model": "core.vehicleimage",
  "pk": 93,
  "fields": {
    "vehicle": 23,
    "image": "vehicle_images/20250627_101643.jpg"
  }
},
{
  "model": "core.vehicleimage",
  "pk": 94,
  "fields": {
    "vehicle": 23,
    "image": "vehicle_images/20250627_101700.jpg"
  }
},
{
  "model": "core.vehicleimage",
  "pk": 95,
  "fields": {
    "vehicle": 23,
    "image": "vehicle_images/20250627_101717.jpg"
  }
},
{
  "model": "core.vehicleimage",
  "pk": 96,
  "fields": {
    "vehicle": 23,
    "image": "vehicle_images/20250627_101734.jpg"
  }
},
{
  "model": "core.vehicleimage",
  "pk": 97,
  "fields": {
    "vehicle": 24,
    "image": "vehicle_images/20250521_095300.jpg"
  }
},
{
  "model": "core.vehicleimage",
  "pk": 98,
  "fields": {
    "vehicle": 24,
    "image": "vehicle_images/20250521_095324.jpg"
  }
},
{
  "model": "core.vehicleimage",
  "pk": 99,
  "fields": {
    "vehicle": 24,
    "image": "vehicle_images/20250521_095236.jpg"
  }
},
{
  "model": "core.vehicleimage",
  "pk": 100,
  "fields": {
    "vehicle": 24,
    "image": "vehicle_images/20250521_095225.jpg"
  }
},
{
  "model": "core.vehicleimage",
  "pk": 101,
  "fields": {
    "vehicle": 24,
    "image": "vehicle_images/20250521_095335.jpg"
  }
},
{
  "model": "core.vehicleimage",
  "pk": 102,
  "fields": {
    "vehicle": 25,
    "image": "vehicle_images/20250626_100612.jpg"
  }
},
{
  "model": "core.vehicleimage",
  "pk": 103,
  "fields": {
    "vehicle": 25,
    "image": "vehicle_images/20250626_100645.jpg"
  }
},
{
  "model": "core.vehicleimage",
  "pk": 104,
  "fields": {
    "vehicle": 25,
    "image": "vehicle_images/20250626_100717.jpg"
  }
},
{
  "model": "core.vehicleimage",
  "pk": 105,
  "fields": {
    "vehicle": 25,
    "image": "vehicle_images/20250626_100658.jpg"
  }
},
{
  "model": "core.vehicleimage",
  "pk": 106,
  "fields": {
    "vehicle": 25,
    "image": "vehicle_images/20250626_100938.jpg"
  }
},
{
  "model": "core.vehicleimage",
  "pk": 107,
  "fields": {
    "vehicle": 25,
    "image": "vehicle_images/20250626_100807.jpg"
  }
},
{
  "model": "core.vehicleimage",
  "pk": 108,
  "fields": {
    "vehicle": 25,
    "image": "vehicle_images/20250626_100748.jpg"
  }
},
{
  "model": "core.vehicleimage",
  "pk": 109,
  "fields": {
    "vehicle": 25,
    "image": "vehicle_images/20250626_100848.jpg"
  }
},
{
  "model": "core.vehicleimage",
  "pk": 110,
  "fields": {
    "vehicle": 25,
    "image": "vehicle_images/20250626_100748_KdvFNwu.jpg"
  }
},
{
  "model": "core.vehicleimage",
  "pk": 111,
  "fields": {
    "vehicle": 26,
    "image": "vehicle_images/20250627_102026.jpg"
  }
},
{
  "model": "core.vehicleimage",
  "pk": 112,
  "fields": {
    "vehicle": 26,
    "image": "vehicle_images/20250627_102051.jpg"
  }
},
{
  "model": "core.vehicleimage",
  "pk": 113,
  "fields": {
    "vehicle": 26,
    "image": "vehicle_images/20250627_102041.jpg"
  }
},
{
  "model": "core.vehicleimage",
  "pk": 114,
  "fields": {
    "vehicle": 26,
    "image": "vehicle_images/20250627_102014.jpg"
  }
},
{
  "model": "core.vehicleimage",
  "pk": 115,
  "fields": {
    "vehicle": 26,
    "image": "vehicle_images/20250627_101956.jpg"
  }
},
{
  "model": "core.vehicleimage",
  "pk": 116,
  "fields": {
    "vehicle": 26,
    "image": "vehicle_images/20250627_101931.jpg"
  }
},
{
  "model": "core.vehicleimage",
  "pk": 117,
  "fields": {
    "vehicle": 26,
    "image": "vehicle_images/20250627_102126.jpg"
  }
},
{
  "model": "core.vehicleimage",
  "pk": 118,
  "fields": {
    "vehicle": 26,
    "image": "vehicle_images/20250627_102108.jpg"
  }
},
{
  "model": "core.vehicleimage",
  "pk": 119,
  "fields": {
    "vehicle": 26,
    "image": "vehicle_images/20250627_102141.jpg"
  }
},
{
  "model": "core.vehicleimage",
  "pk": 120,
  "fields": {
    "vehicle": 26,
    "image": "vehicle_images/20250627_102158.jpg"
  }
},
{
  "model": "core.vehicleimage",
  "pk": 121,
  "fields": {
    "vehicle": 26,
    "image": "vehicle_images/20250627_102215.jpg"
  }
},
{
  "model": "core.vehicleimage",
  "pk": 122,
  "fields": {
    "vehicle": 27,
    "image": "vehicle_images/20250626_104008.jpg"
  }
},
{
  "model": "core.vehicleimage",
  "pk": 123,
  "fields": {
    "vehicle": 27,
    "image": "vehicle_images/20250626_103953.jpg"
  }
},
{
  "model": "core.vehicleimage",
  "pk": 124,
  "fields": {
    "vehicle": 27,
    "image": "vehicle_images/20250626_104046.jpg"
  }
},
{
  "model": "core.vehicleimage",
  "pk": 125,
  "fields": {
    "vehicle": 27,
    "image": "vehicle_images/20250626_104058.jpg"
  }
},
{
  "model": "core.vehicleimage",
  "pk": 126,
  "fields": {
    "vehicle": 27,
    "image": "vehicle_images/20250626_1038461.jpg"
  }
},
{
  "model": "core.vehicleimage",
  "pk": 127,
  "fields": {
    "vehicle": 27,
    "image": "vehicle_images/20250626_1042121.jpg"
  }
},
{
  "model": "core.vehicleimage",
  "pk": 128,
  "fields": {
    "vehicle": 27,
    "image": "vehicle_images/20250626_104229.jpg"
  }
},
{
  "model": "core.vehicleimage",
  "pk": 129,
  "fields": {
    "vehicle": 27,
    "image": "vehicle_images/20250626_1033571.jpg"
  }
},
{
  "model": "core.vehicleimage",
  "pk": 130,
  "fields": {
    "vehicle": 27,
    "image": "vehicle_images/20250626_1041201.jpg"
  }
},
{
  "model": "core.vehicleimage",
  "pk": 131,
  "fields": {
    "vehicle": 27,
    "image": "vehicle_images/20250626_104135.jpg"
  }
},
{
  "model": "core.quoterequest",
  "pk": 1,
  "fields": {
    "vehicle": 6,
    "full_name": "Solomon Fumirayi",
    "email": "soloninzfumi@gmail.com",
    "country": "USA",
    "city": "Harare",
    "address": "4 Kamil Court, Harare",
    "telephone": "0773489186",
    "note": "",
    "created_at": "2025-06-20T12:21:59.490Z",
    "is_processed": false
  }
},
{
  "model": "core.quoterequest",
  "pk": 2,
  "fields": {
    "vehicle": 10,
    "full_name": "Simbarashe Mutombe",
    "email": "simbarashemutombe1@gmail.com",
    "country": "UK",
    "city": "Harare",
    "address": "3404 Makurwe Close\nBudiriro 2",
    "telephone": "0785948128",
    "note": "Thanks you",
    "created_at": "2025-06-23T13:55:57.887Z",
    "is_processed": false
  }
}
]
